"Status","Start Time","Stop Time","Duration in ms","Parent Suite","Suite","Sub Suite","Test Class","Test Method","Name","Description"
"passed","Tue May 04 14:22:32 AEST 2021","Tue May 04 14:22:34 AEST 2021","1330","","The Internet Guinea Pig Website: As a user, I can log into the secure area","","The Internet Guinea Pig Website: As a user, I can log into the secure area","When I login with tomsmith1 and SuperSecretPassword!","When I login with tomsmith1 and SuperSecretPassword!",""
"passed","Tue May 04 13:54:44 AEST 2021","Tue May 04 13:54:44 AEST 2021","0","","The Internet Guinea Pig Website: As a user, I can log into the secure area","","The Internet Guinea Pig Website: As a user, I can log into the secure area","","",""
"passed","Wed May 05 10:33:53 AEST 2021","Wed May 05 10:33:54 AEST 2021","1434","","The Internet Guinea Pig Website: As a user, I can log into the secure area","","The Internet Guinea Pig Website: As a user, I can log into the secure area","When I login with foobar and barfoo","When I login with foobar and barfoo",""
"passed","Tue May 04 14:22:39 AEST 2021","Tue May 04 14:22:41 AEST 2021","1518","","The Internet Guinea Pig Website: As a user, I can log into the secure area","","The Internet Guinea Pig Website: As a user, I can log into the secure area","When I login with tomsmith1 and SuperSecretPassword!","When I login with tomsmith1 and SuperSecretPassword!",""
"passed","Wed May 05 10:33:50 AEST 2021","Wed May 05 10:33:50 AEST 2021","0","","The Internet Guinea Pig Website: As a user, I can log into the secure area","","The Internet Guinea Pig Website: As a user, I can log into the secure area","","",""
"passed","Wed May 05 10:33:44 AEST 2021","Wed May 05 10:33:44 AEST 2021","236","","The Internet Guinea Pig Website: As a user, I can log into the secure area","","The Internet Guinea Pig Website: As a user, I can log into the secure area","Then I should see a flash message saying Your username is invalid!","Then I should see a flash message saying Your username is invalid!",""
"passed","Tue May 04 13:54:43 AEST 2021","Tue May 04 13:54:43 AEST 2021","351","","The Internet Guinea Pig Website: As a user, I can log into the secure area","","The Internet Guinea Pig Website: As a user, I can log into the secure area","Given I am on the login page","Given I am on the login page",""
"passed","Wed May 05 10:33:52 AEST 2021","Wed May 05 10:33:53 AEST 2021","507","","The Internet Guinea Pig Website: As a user, I can log into the secure area","","The Internet Guinea Pig Website: As a user, I can log into the secure area","Given I am on the login page","Given I am on the login page",""
"passed","Wed May 05 10:33:43 AEST 2021","Wed May 05 10:33:43 AEST 2021","431","","The Internet Guinea Pig Website: As a user, I can log into the secure area","","The Internet Guinea Pig Website: As a user, I can log into the secure area","Given I am on the login page","Given I am on the login page",""
"passed","Wed May 05 10:33:54 AEST 2021","Wed May 05 10:33:55 AEST 2021","324","","The Internet Guinea Pig Website: As a user, I can log into the secure area","","The Internet Guinea Pig Website: As a user, I can log into the secure area","Then I should see a flash message saying Your username is invalid!","Then I should see a flash message saying Your username is invalid!",""
"passed","Wed May 05 10:33:42 AEST 2021","Wed May 05 10:33:43 AEST 2021","231","","The Internet Guinea Pig Website: As a user, I can log into the secure area","","The Internet Guinea Pig Website: As a user, I can log into the secure area","Then I should see a flash message saying You logged into a secure area!","Then I should see a flash message saying You logged into a secure area!",""
"passed","Wed May 05 10:33:44 AEST 2021","Wed May 05 10:33:44 AEST 2021","0","","The Internet Guinea Pig Website: As a user, I can log into the secure area","","The Internet Guinea Pig Website: As a user, I can log into the secure area","","",""
"passed","Tue May 04 13:54:43 AEST 2021","Tue May 04 13:54:43 AEST 2021","51","","The Internet Guinea Pig Website: As a user, I can log into the secure area","","The Internet Guinea Pig Website: As a user, I can log into the secure area","Then I should see a flash message saying You logged into a secure area!","Then I should see a flash message saying You logged into a secure area!",""
"passed","Wed May 05 10:33:47 AEST 2021","Wed May 05 10:33:48 AEST 2021","1718","","The Internet Guinea Pig Website: As a user, I can log into the secure area","","The Internet Guinea Pig Website: As a user, I can log into the secure area","Given I am on the login page","Given I am on the login page",""
"passed","Wed May 05 10:33:41 AEST 2021","Wed May 05 10:33:42 AEST 2021","1433","","The Internet Guinea Pig Website: As a user, I can log into the secure area","","The Internet Guinea Pig Website: As a user, I can log into the secure area","When I login with tomsmith and SuperSecretPassword!","When I login with tomsmith and SuperSecretPassword!",""
"passed","Tue May 04 13:54:44 AEST 2021","Tue May 04 13:54:44 AEST 2021","41","","The Internet Guinea Pig Website: As a user, I can log into the secure area","","The Internet Guinea Pig Website: As a user, I can log into the secure area","Then I should see a flash message saying Your username is invalid!","Then I should see a flash message saying Your username is invalid!",""
"passed","Tue May 04 13:54:42 AEST 2021","Tue May 04 13:54:43 AEST 2021","848","","The Internet Guinea Pig Website: As a user, I can log into the secure area","","The Internet Guinea Pig Website: As a user, I can log into the secure area","When I login with tomsmith and SuperSecretPassword!","When I login with tomsmith and SuperSecretPassword!",""
"passed","Wed May 05 10:33:46 AEST 2021","Wed May 05 10:33:47 AEST 2021","781","","The Internet Guinea Pig Website: As a user, I can log into the secure area","","The Internet Guinea Pig Website: As a user, I can log into the secure area","Then I should see a flash message saying You logged into a secure area!","Then I should see a flash message saying You logged into a secure area!",""
"passed","Tue May 04 13:54:43 AEST 2021","Tue May 04 13:54:44 AEST 2021","714","","The Internet Guinea Pig Website: As a user, I can log into the secure area","","The Internet Guinea Pig Website: As a user, I can log into the secure area","When I login with foobar and barfoo","When I login with foobar and barfoo",""
"passed","Wed May 05 10:33:49 AEST 2021","Wed May 05 10:33:51 AEST 2021","1484","","The Internet Guinea Pig Website: As a user, I can log into the secure area","","The Internet Guinea Pig Website: As a user, I can log into the secure area","When I login with tomsmith and SuperSecretPassword!","When I login with tomsmith and SuperSecretPassword!",""
"passed","Wed May 05 10:33:49 AEST 2021","Wed May 05 10:33:50 AEST 2021","752","","The Internet Guinea Pig Website: As a user, I can log into the secure area","","The Internet Guinea Pig Website: As a user, I can log into the secure area","Then I should see a flash message saying Your username is invalid!","Then I should see a flash message saying Your username is invalid!",""
"passed","Wed May 05 10:33:48 AEST 2021","Wed May 05 10:33:49 AEST 2021","601","","The Internet Guinea Pig Website: As a user, I can log into the secure area","","The Internet Guinea Pig Website: As a user, I can log into the secure area","When I login with foobar and barfoo","When I login with foobar and barfoo",""
"passed","Wed May 05 10:33:43 AEST 2021","Wed May 05 10:33:44 AEST 2021","1105","","The Internet Guinea Pig Website: As a user, I can log into the secure area","","The Internet Guinea Pig Website: As a user, I can log into the secure area","When I login with foobar and barfoo","When I login with foobar and barfoo",""
"passed","Wed May 05 10:33:45 AEST 2021","Wed May 05 10:33:46 AEST 2021","623","","The Internet Guinea Pig Website: As a user, I can log into the secure area","","The Internet Guinea Pig Website: As a user, I can log into the secure area","When I login with tomsmith and SuperSecretPassword!","When I login with tomsmith and SuperSecretPassword!",""
"passed","Wed May 05 10:33:55 AEST 2021","Wed May 05 10:33:55 AEST 2021","0","","The Internet Guinea Pig Website: As a user, I can log into the secure area","","The Internet Guinea Pig Website: As a user, I can log into the secure area","","",""
"passed","Wed May 05 10:33:51 AEST 2021","Wed May 05 10:33:52 AEST 2021","1477","","The Internet Guinea Pig Website: As a user, I can log into the secure area","","The Internet Guinea Pig Website: As a user, I can log into the secure area","Then I should see a flash message saying You logged into a secure area!","Then I should see a flash message saying You logged into a secure area!",""
"passed","Tue May 04 14:22:34 AEST 2021","Tue May 04 14:22:35 AEST 2021","681","","The Internet Guinea Pig Website: As a user, I can log into the secure area","","The Internet Guinea Pig Website: As a user, I can log into the secure area","When I login with tomsmith1 and SuperSecretPassword!","When I login with tomsmith1 and SuperSecretPassword!",""
